norm_key,ziel,anzahl_records,korrigierte_records,varianten
GE15SL,GE 1.5sl,318,151,"GE 1.5sl:167 || GE 1,5sl:150 || GE 1.5.sl:1"
V9020MW,V90-2.0MW,267,100,"V90-2.0MW:167 || V90-2,0MW:100"
15SL,"1,5sl",167,82,"1,5sl:85 || 1.5sl:82"
V17272MW,V172-7.2 MW,169,57,"V172-7.2 MW:112 || V172-7,2MW:46 || V172, 7,2 MW:11"
E82E223MW,E-82 E2 -2.3MW,112,54,"E-82 E2 -2.3MW:58 || E-82 E2 2,3 MW:54"
GE15S,"GE 1,5s",115,51,"GE 1,5s:64 || GE 1.5s:51"
V11230MW,V112-3.0 MW,158,47,"V112-3.0 MW:111 || V112 - 3,0MW:46 || v-112 3:0mw:1"
V8020MW,"V80 - 2,0 MW",103,47,"V80 - 2,0 MW:56 || V80-2.0 MW:47"
GE25120,GE 2.5-120,161,42,"GE 2.5-120:119 || GE 2,5-120:42"
N163/6X,N163/6.X,370,37,N163/6.X:333 || N 163/6X:36 || N163/6..X:1
V11233MW,"V112-3,3MW",71,29,"V112-3,3MW:42 || V112-3.3MW:29"
V15056MW,V150-5.6MW,52,25,"V150-5.6MW:27 || V150 - 5,6 MW:25"
V8020,"V80-2,0",46,23,"V80-2,0:23 || V 80-2.0:23"
13MW/62,"1,3 MW/62",49,22,"1,3 MW/62:27 || 1.3MW/62:22"
V13642,V136-4.2,63,21,"V136-4.2:42 || V136 4,2:21"
32M114,3.2M114,234,18,"3.2M114:216 || 3,2M114:18"
GE275120,GE 2.75-120,172,17,"GE 2.75-120:155 || GE 2,75-120:17"
TW15S,TW 1.5s,36,16,"TW 1.5s:20 || TW 1,5s:16"
34M104,3.4M104,94,16,"3.4M104:78 || 3,4M104:16"
V126345MW,"V126 - 3,45 MW",34,16,"V126 - 3,45 MW:18 || V126-3.45 MW:16"
GEWE15SL,GEWE 1.5sl,53,16,"GEWE 1.5sl:37 || GEWE 1,5sl:16"
E661870,E-66 18.70,119,14,"E-66 18.70:105 || E 66-1.8-70:8 || E661870:5 || E-66, 18.70:1"
GEWINDENERGY15SL,"GE Wind Energy 1,5 SL",40,14,"GE Wind Energy 1,5 SL:26 || GE Wind Energy 1.5sl:14"
ENO16060MW,"eno 160 - 6,0 MW",35,14,"eno 160 - 6,0 MW:21 || eno 160, 6,0 MW:14"
V16272MW,V162-7.2MW,63,14,"V162-7.2MW:49 || V162-7,2MW:14"
N17568MW,N175-6.8 MW,225,13,"N175-6.8 MW:212 || N175-6,8 MW:13"
VESTASV17272MW,Vestas V172-7.2 MW,60,13,"Vestas V172-7.2 MW:47 || Vestas V172-7,2 MW:13"
V12633MW,V126-3.3MW,39,12,"V126-3.3MW:27 || V126-3,3 MW:12"
V15042,V150-4.2,30,12,"V150-4.2:18 || V150-4,2:12"
SWT36130,SWT-3.6-130,24,12,SWT-3.6-130:12 || SWT-3.6.-130:12
N149/57,N149/5.7,61,12,"N149/5.7:49 || N149/5,7:12"
N16370MW,N163-7.0 MW,25,12,"N163-7.0 MW:13 || N163-7,0 MW:12"
V126345,V126-3.45,50,11,"V126-3.45:39 || V126 3,45:11"
E6618703,E66 18.70-3,22,10,E66 18.70-3:12 || E66-1870-3:10
SWT30113,SWT-3.0-113,97,10,"SWT-3.0-113:87 || SWT-3,0-113:10"
V13642MW,V136-4.2 MW,35,9,"V136-4.2 MW:26 || V136-4,2 MW:7 || V136, 4,2 MW:2"
ENRONWIND15SL,"Enron Wind 1,5sl",26,9,"Enron Wind 1,5sl:17 || Enron Wind 1.5sl:9"
V15060MW,V150-6.0MW,52,8,"V150-6.0MW:44 || V150 - 6,0 MW:6 || V 150, 6,0 MW:2"
NORDEXN149/5X,Nordex N149/5.X,29,8,"Nordex N149/5.X:21 || Nordex N 149 / 5,X:8"
E66/1870,E-66/18.70,604,7,"E-66/18.70:597 || E-66/18-70:6 || E66/18,70:1"
VESTASV12633MW,"Vestas V126 - 3,3MW",32,7,"Vestas V126 - 3,3MW:25 || Vestas V126 3.3 MW:6 || Vestas V126, 3,3 MW:1"
V15040/42MW,V150-4.0/4.2 MW,22,7,"V150-4.0/4.2 MW:15 || V150-4,0/4,2 MW:7"
ENO82,eno 82,27,7,eno 82:20 || e.n.o. 82:7
V8020MW/MODE1051DB,V 80- 2.0 MW/ Mode 105.1 dB,36,7,"V 80- 2.0 MW/ Mode 105.1 dB:29 || V80 - 2,0 MW / Mode 105.1 dB:7"
V16260MW,V162-6.0 MW,46,7,"V162-6.0 MW:39 || V162 - 6,0 MW:7"
N14945MW,"N149-4,5 MW",17,7,"N149-4,5 MW:10 || N149-4.5 MW:5 || N149, 4,5 MW:2"
GE275103,"GE 2,75-103",21,7,"GE 2,75-103:14 || GE 2.75-103:7"
N16357MWSTE,N163-5.7MW STE,17,7,"N163-5.7MW STE:10 || N163-5,7 MW STE:7"
NORDEXN163/6X,Nordex N163/6.X,108,7,"Nordex N163/6.X:101 || Nordex N 163 / 6,X:7"
V16256MW,V162-5.6 MW,37,7,"V162-5.6 MW:30 || V162-5,6 MW:7"
VESTASV16262MW,Vestas V162-6.2 MW,19,7,"Vestas V162-6.2 MW:12 || VESTAS V162-6,2 MW:7"
N1636X,N163 6.X,80,7,N163 6.X:73 || N-163 6X:7
V17272,V172-7.2,219,7,"V172-7.2:212 || V172-7,2:7"
N17568,N175-6.8,40,7,"N175-6.8:33 || N175-6,8:7"
N16370,"N163-7,0",22,7,"N163-7,0:15 || N163-7.0:7"
V136345MW,"V136-3,45MW",16,6,"V136-3,45MW:10 || V136-3.45 MW:6"
V12636MW,V126-3.6 MW,29,6,"V126-3.6 MW:23 || V126 - 3,6MW:6"
VESTASV8020MW,Vestas V80-2.0MW,14,6,"Vestas V80-2.0MW:8 || Vestas V80 - 2,0 MW:6"
V117345MW,"V117-3,45MW",18,6,"V117-3,45MW:12 || V117-345 MW:5 || V117-3.45 MW:1"
VESTASV9020MW,"Vestas V90 - 2,0 MW",14,6,"Vestas V90 - 2,0 MW:8 || Vestas V90-2.0MW:6"
N14957MW,N149-5.7 MW,41,6,"N149-5.7 MW:35 || N 149 - 5,7 MW:6"
V16262,V162-6.2,190,6,"V162-6.2:184 || V162-6,2:6"
MHIVESTASV17495MW,MHI Vestas V174-9.5 MW,24,6,"MHI Vestas V174-9.5 MW:18 || MHI Vestas V174-9,5 MW:6"
N163/6XTCS164,N163/6.X TCS164,66,6,N163/6.X TCS164:60 || N163/6X TCS164:6
N11724MW,"N117-2,4MW",23,5,"N117-2,4MW:18 || N-117 2.4 MW:5"
E92235MW,"E-92 2,35MW",13,5,"E-92 2,35MW:8 || E-92 2.35MW:5"
EW15SL,EW 1.5sl,18,5,"EW 1.5sl:13 || EW 1,5 sl:5"
GE55158,GE 5.5-158,168,5,"GE 5.5-158:163 || GE 5,5-158:3 || GE5.5.-158:2"
ANTARIS55,"Antaris 5,5",11,5,"Antaris 5,5:6 || Antaris 5.5:5"
V16262MW,V162-6.2 MW,106,5,"V162-6.2 MW:101 || V162-6,2MW:5"
ENO12648MW,"eno126 - 4,8MW",11,5,"eno126 - 4,8MW:6 || eno 126, 4,8 MW:5"
V661750,V66  - 1.750,25,5,V66  - 1.750:20 || V66-1750:5
SKYWINDNG1KW230/110V,"SkyWind NG 1kW, 230/110 V",12,5,"SkyWind NG 1kW, 230/110 V:7 || SkyWind NG 1KW 230/110V:5"
VESTASV16262,Vestas V162-6.2,44,5,"Vestas V162-6.2:39 || Vestas V162-6,2:5"
VESTASV16272MW,Vestas V162-7.2 MW,11,5,"Vestas V162-7.2 MW:6 || Vestas V162-7,2MW:5"
E70E4,E-70 E4,1240,4,"E-70 E4:1236 || E-70, E4:4"
V12633,V 126-3.3,53,4,"V 126-3.3:49 || V126 - 3,3:4"
ENO92,eno 92,15,4,eno 92:11 || e.n.o. 92:4
V117345,V117-3.45,9,4,"V117-3.45:5 || V117-3,45:4"
GE15,"GE 1,5",14,4,"GE 1,5:10 || GE 1.5:4"
V15060,V150-6.0,90,4,"V150-6.0:86 || V150-6,0:4"
N149/4500,N149/4500,9,4,N149/4500:5 || N 149/ 4.500:4
V902MW,V90 2MW,50,3,"V90 2MW:47 || V90, 2 MW:3"
GE275,GE 2.75,16,3,"GE 2.75:13 || GE 2,75:3"
34M114,3.4M114,55,3,"3.4M114:52 || 3,4M114:3"
V11233,V112-3.3,64,3,"V112-3.3:61 || V 112 - 3,3:3"
N131/3300,N131/3300,45,3,N131/3300:42 || N 131/3.300:3
ENERCONE40/644,Enercon E-40/6.44,32,3,"Enercon E-40/6.44:29 || Enercon E -40/644:2 || Enercon E40/6,44:1"
ENO12635MW,"eno126 - 3,5MW",9,3,"eno126 - 3,5MW:6 || eno126 - 3.5MW:3"
32M,3.2M,25,3,"3.2M:22 || 3,2 M:3"
E70E423MW,"E-70 E4 2,3 MW",6,3,"E-70 E4 2,3 MW:3 || E-70 E4 - 2.3MW:3"
REPOWER32M114,REpower 3.2M114,17,3,"REpower 3.2M114:14 || Repower 3,2M114:3"
GEWINDENERGY15S,"GE Wind Energy 1,5S",10,3,"GE Wind Energy 1,5S:7 || GE Wind Energy 1.5s:3"
GE285103,GE 2.85 - 103,8,3,"GE 2.85 - 103:5 || GE-2,85-103:3"
VESTASV15042MW,Vestas V150-4.2MW,18,3,"Vestas V150-4.2MW:15 || Vestas V150-4,2 MW:3"
3XM,3.XM,8,3,3.XM:5 || 3XM:3
E8223MW,E-82 2.3 MW,7,3,"E-82 2.3 MW:4 || E-82 2,3 MW:3"
WINDSPOT35,Windspot 3.5,7,3,"Windspot 3.5:4 || Windspot 3,5:3"
15S,"1,5s",31,3,"1,5s:28 || 1.5s:3"
VESTASV15060MW,Vestas V150-6.0MW,16,3,"Vestas V150-6.0MW:13 || Vestas V150-6,0 MW:3"
N163/57,N163/5.7,13,3,"N163/5.7:10 || N163/5,7:3"
N163/70,N163/7.0,16,3,"N163/7.0:13 || N163/7,0:3"
SWT36120,SWT-3.6-120,439,2,"SWT-3.6-120:437 || SWT 3,6-120:2"
E11530MW,"E-115- 3,0 MW",17,2,"E-115- 3,0 MW:15 || E-115 3.0MW:2"
E40/644,E-40/6.44,302,2,"E-40/6.44:300 || E40/6,44:1 || E-40/6 44:1"
34M,3.4M,19,2,"3.4M:17 || 3,4M:2"
E66/18703,E-66/18.70-3,252,2,E-66/18.70-3:250 || E-66/1870-3:1 || E-66/18.70.3:1
ENO9222,eno 92 - 2.2,14,2,eno 92 - 2.2:12 || e.n.o. 92-2.2:1 || e.n.o 92 -2.2:1
E662070,E-66 20.70,16,2,E-66 20.70:14 || E-66 20-70:2
V52850KW,V52 - 850 kW,43,2,"V52 - 850 kW:41 || V 52, 850kW:2"
ANTARIS95,Antaris 9.5,5,2,"Antaris 9.5:3 || Antaris 9,5:2"
ANTARIS75,"Antaris 7,5",14,2,"Antaris 7,5:12 || ANTARIS 7.5:2"
V15042MW,V150-4.2 MW,20,2,"V150-4.2 MW:18 || V150-4,2 MW:2"
ENO114,eno 114,10,2,eno 114:8 || e.n.o. 114:2
V11733MW,V117-3.3MW,5,2,"V117-3.3MW:3 || V117-3,3MW:2"
N149/4045,N149/4.0-4.5,34,2,"N149/4.0-4.5:32 || N149 / 4,0 -4,5:2"
34XM104,3.4XM104,5,2,"3.4XM104:3 || 3,4 XM 104:2"
V136345,V136-3.45,5,2,"V136-3.45:3 || V136 - 3,45:2"
E8223,E 82 2.3,12,2,"E 82 2.3:10 || E-82-2,3:2"
V802MW,V80 - 2 MW,46,2,"V80 - 2 MW:44 || V80, 2MW:2"
V12633/345,V126-3.3/3.45,4,2,"V-126 3,3/3,45:2 || V126-3.3/3.45:2"
SWT2393VS,"SWT 2,3 -93 VS",5,2,"SWT 2,3 -93 VS:3 || SWT-2.3-93-VS:2"
E82E220MW,E-82 E2 2.0MW,6,2,"E-82 E2 2.0MW:4 || E-82E2 2,0MW:2"
E160EP5E3R1,E-160 EP5 E3 R1,378,2,E-160 EP5 E3 R1:376 || E.160 EP5 E3 R1:2
V12633/345MW,V126-3.3/3.45 MW,8,2,"V126-3.3/3.45 MW:6 || V126-3,3/3,45MW:2"
SENVION32MW,Senvion 3.2 MW,6,2,"Senvion 3.2 MW:4 || Senvion 3,2MW:2"
V80VCS20,"V80 VCS 2,0",6,2,"V80 VCS 2,0:4 || V80 VCS 2.0:2"
23,"2,3",6,2,"2,3:4 || 2.3:2"
V11733,"V117 3,3",3,2,"V117-3.3:1 || V117 3,3:1 || V117-3:3:1"
NORDEXN14957MW,"Nordex N149 5,7 MW",5,2,"Nordex N149 5,7 MW:3 || Nordex N149-5.7 MW:2"
E160EP5E3,E-160 EP5 E3,324,2,"E-160 EP5 E3:322 || E 160, EP5, E3:2"
GE15855MW,GE 158-5.5 MW,11,2,"GE 158-5.5 MW:9 || GE158-5,5 MW:2"
V16256,V162-5.6,52,2,"V162-5.6:50 || V162-5,6:2"
E82E2,E-82 E2,850,1,"E-82 E2:849 || E-82, E2:1"
E40/540,E-40/5.40,243,1,"E-40/5.40:242 || E-40/5,40:1"
32M114VG,3.2M114 VG,6,1,"3.2M114 VG:5 || 3,2M114 VG:1"
34XM,"3,4 XM",2,1,"3,4 XM:1 || 3.4 XM:1"
SWT32113,SWT-3.2-113,34,1,"SWT-3.2-113:33 || SWT-3,2-113:1"
V112345MW,"V112-3,45MW",2,1,"V112-3.45MW:1 || V112-3,45MW:1"
N1313300,N131 3300,16,1,N131 3300:15 || N131-3.300:1
V112345,V112-3.45,26,1,"V112-3.45:25 || V112-3,45:1"
E82E2/23MW,E-82 E2/2.3MW,27,1,"E-82 E2/2.3MW:26 || E-82 E2 / 2,3 MW:1"
VESTASV136345MW,"Vestas V136 - 3,45MW",4,1,"Vestas V136 - 3,45MW:3 || Vestas V-136, 3.45 MW:1"
SE32114,"SE3,2-114",2,1,"SE3.2-114:1 || SE3,2-114:1"
SKYSTREAM37,Skystream 3.7,4,1,Skystream 3.7:3 || SkyStream 3:7:1
275120,2.75-120,11,1,"2.75-120:10 || 2,75-120:1"
REPOWER34M104,Repower 3.4M104,24,1,"Repower 3.4M104:23 || Repower 3,4M104:1"
N149/45,N149/4.5,15,1,"N149/4.5:14 || N149/4,5:1"
62M126,6.2M126,75,1,"6.2M126:74 || 6,2M126:1"
E138EP3E2,E-138 EP3 E2,295,1,E-138 EP3 E2:294 || E.138 EP3 E2:1
HEYWIND25,"Heywind 2,5",3,1,"Heywind 2,5:2 || Heywind 2.5:1"
N117/2400R120,N117/2400 R120,2,1,"N117/2400, R120:1 || N117/2400 R120:1"
N149/4045NH164,N149/4.0-4.5NH164,6,1,N149/4.0-4.5NH164:5 || N149/4.0-.4.5 NH 164:1
TW15SL,TW1.5sL,3,1,"TW1.5sL:2 || TW 1,5sl:1"
WB55,WB 5.5,3,1,"WB 5.5:2 || WB 5,5:1"
ANBONUS600KW443,AN BONUS 600kW 44-3,11,1,"AN BONUS 600kW 44-3:10 || AN Bonus 600 kW, 44-3:1"
GE48158,GE 4.8-158,3,1,"GE 4.8-158:2 || GE 4,8-158:1"
HEYWIND35,"Heywind 3,5",4,1,"Heywind 3,5:3 || Heywind 3.5:1"
E40/644/E3,E 40 / 6 44 / E 3,2,1,E 40 / 6 44 / E 3:1 || E 40 / 6.44 / E 3:1
NORDEXN14945MW,Nordex N 149-4.5 MW,4,1,"Nordex N 149-4.5 MW:3 || Nordex N149 , 4,5 MW:1"
ANTARIS65KW,"Antaris 6,5 KW",7,1,"Antaris 6,5 KW:6 || ANTARIS 6.5 kW:1"
VESTASV126345MW,"Vestas V126 - 3,45MW",5,1,"Vestas V126 - 3,45MW:4 || Vestas V-126, 3,45 MW:1"
ENERCONE66/1870,Enercon E-66/18.70,56,1,Enercon E-66/18.70:55 || Enercon E-66/1870:1
GEWIND15SL,GE Wind 1.5sl,5,1,"GE Wind 1.5sl:4 || GE Wind 1,5sl:1"
ANTARIS35,"Antaris 3,5",8,1,"Antaris 3,5:7 || ANTARIS 3.5:1"
GE25,GE2.5,10,1,GE2.5:9 || GE 25:1
N1002500,N100-2500,2,1,N100-2.500:1 || N100-2500:1
V66175MW,V66 1.75MW,2,1,"V66 1.75MW:1 || V66 - 1,75 MW:1"
E66/18,E-66/18,3,1,E-66/18:2 || E66 /1.8:1
VESTASV13642,Vestas V136-4.2,3,1,"Vestas V136-4.2:2 || Vestas V-136 4,2:1"
E70E423,E-70 E4 2.3,5,1,"E-70 E4 2.3:4 || E70 E4 2,3:1"
GE25MW,GE - 2.5 MW,14,1,"GE - 2.5 MW:13 || GE - 2,5 MW:1"
V15042MWNH125M,V150 4.2MW NH 125m,6,1,"V150 4.2MW NH 125m:5 || V150 4,2MW NH 125m:1"
V13636,V136-3.6,13,1,"V136-3.6:12 || V136-3,6:1"
AN13MW,"AN 1,3 MW",5,1,"AN 1,3 MW:4 || AN 1.3 MW:1"
E581058,E58 10.58,6,1,E58 10.58:5 || E58. 10.58:1
ANTARIS55KW,"Antaris 5,5 kW",5,1,"Antaris 5,5 kW:4 || Antaris 5.5kw:1"
V12636HTQ,V126-3.6 HTq,3,1,"V126-3.6 HTq:2 || V126-3,6 HTq:1"
V15056,V150-5.6,58,1,"V150-5.6:57 || V150-5,6:1"
N133/48,N133/4.8,57,1,"N133/4.8:56 || N133/4,8:1"
W2700150KW,W-2700 150 kW,3,1,"W-2700 150 kW:2 || W - 2700 , 150 kW:1"
E822300,E82 2300,2,1,E82 2300:1 || E82-2.300:1
ANTARIS65,"Antaris 6,5",5,1,"Antaris 6,5:4 || Antaris 6.5:1"
V802000,V80-2000,2,1,V80 - 2.000:1 || V80-2000:1
VESTASV13642MW,"Vestas V136 4,2MW",12,1,"Vestas V136 4,2MW:11 || Vestas V136-4.2MW:1"
ANTARIS60KW,"Antaris 6,0 KW",2,1,"Antaris 6.0 KW:1 || Antaris 6,0 KW:1"
V902000,V90-2000,4,1,V90-2000:3 || V90.2000:1
V90/20MW,"V90/2,0 MW",5,1,"V90/2,0 MW:4 || V90/2.0 MW:1"
S46/600,S46/600,2,1,S.46/600:1 || S46/600:1
V80NH100,V80 NH 100,2,1,"V 80, NH 100:1 || V80 NH 100:1"
E40/44,E40/44,2,1,"E40/44:1 || E-40/,44:1"
ENERCONE82E223MW,"ENERCON E-82E2 2,3MW",6,1,"ENERCON E-82E2 2,3MW:5 || ENERCON E-82 E2 2.3MW:1"
55,"5,5",2,1,"5,5:1 || 5.5:1"
E160EP5,E-160 EP5,15,1,"E-160 EP5:14 || E 160, EP 5:1"
TW15,TW 1.5,5,1,"TW 1.5:4 || TW 1,5:1"
V1506MW,V 150-6MW,8,1,V 150-6MW:7 || V150 6. MW:1
N13348MW,N133-4.8 MW,5,1,"N133-4.8 MW:4 || N 133, 4,8 MW:1"
VESTASV15056MW,Vestas V150-5.6MW,5,1,"Vestas V150-5.6MW:4 || Vestas V150-5,6MW:1"
N117/36,N117/3.6,8,1,"N117/3.6:7 || N117/3,6:1"
N163/5X,N163/5.X,44,1,"N163/5.X:43 || N163/5.X,:1"
VESTASV15056,Vestas V 150-5.6,5,1,"Vestas V 150-5.6:4 || Vestas V-150 5,6:1"
SMARTWINDSW75,"smartWind SW 7,5",2,1,"Smart-Wind SW-7.5:1 || smartWind SW 7,5:1"
V16272,V162-7.2,90,1,"V162-7.2:89 || V 162 7,2:1"
NORDEXN14957,Nordex N149-5.7,7,1,"Nordex N149-5.7:6 || Nordex N 149-5,7:1"
VESTASV15060MWNH169M,"Vestas V150 6,0MW NH169m",6,1,"Vestas V150 6,0MW NH169m:5 || Vestas V150 6.0MW NH 169m:1"
HAWTLEERLÄUFERFAHNENLOS,"HAWT, Leerläufer, Fahnenlos",4,1,"HAWT, Leerläufer, Fahnenlos:3 || HAWT, Leerläufer fahnenlos:1"
MIKROWINDKRAFTANLAGESKYWINDNG,Mikrowindkraftanlage Skywind NG,3,1,"Mikrowindkraftanlage Skywind NG:2 || Mikrowindkraftanlage, Skywind NG:1"
NORDEXN13348STE,Nordex N133-4.8 STE,7,1,"Nordex N133-4.8 STE:6 || Nordex N133 4,8 STE:1"
E138EP3E2/13825/4200,"E138 EP3 E2/138,25/4200",2,1,"E138 EP3 E2/138.25/4200:1 || E138 EP3 E2/138,25/4200:1"
VESTASV117345MW,Vestas V117 3.45MW,5,1,"Vestas V117 3.45MW:4 || Vestas V117-3,45 MW:1"
N175/6X,N175/6.X,103,1,N175/6.X:102 || N175/6X:1
V17272MW175MNH,"V172, 7,2MW, 175m NH",13,1,"V172, 7,2MW, 175m NH:12 || V172-7.2MW, 175m NH:1"
ENVENTUSV17272MW,"Enventus V172 7,2 MW",3,1,"Enventus V172 7,2 MW:2 || EnVentus V172-7.2 MW:1"
NORDEXN17568MW,Nordex N175-6.8 MW,3,1,"Nordex N175-6.8 MW:2 || Nordex N175, 6,8 MW:1"
NORDEXN13348MW,"Nordex N133-4,8MW",2,1,"Nordex N133-4.8MW:1 || Nordex N133-4,8MW:1"
N16370MWNH164M,"N163-7,0MW NH 164m",2,1,"N163-7,0MW NH 164m:1 || N163-7.0MW NH 164m:1"
